54,14,tQBho3FLuvdjyE4OPTWRfXr/oBs=,mflXY1rD7nvo5grpjMZldKpsjGU=
52,14,tQBho3FLuvdjyE4OPTWRfXr/oBs=,mflXY1rD7nvo5grpjMZldKpsjGU=
53,14,tQBho3FLuvdjyE4OPTWRfXr/oBs=,mflXY1rD7nvo5grpjMZldKpsjGU=
50,10,tQBho3FLuvdjyE4OPTWRfXr/oBs=,mflXY1rD7nvo5grpjMZldKpsjGU=
51,8,tQBho3FLuvdjyE4OPTWRfXr/oBs=,mflXY1rD7nvo5grpjMZldKpsjGU=
51,14,tQBho3FLuvdjyE4OPTWRfXr/oBs=,mflXY1rD7nvo5grpjMZldKpsjGU=
51,12,tQBho3FLuvdjyE4OPTWRfXr/oBs=,mflXY1rD7nvo5grpjMZldKpsjGU=
51,10,tQBho3FLuvdjyE4OPTWRfXr/oBs=,mflXY1rD7nvo5grpjMZldKpsjGU=
55,13,tQBho3FLuvdjyE4OPTWRfXr/oBs=,mflXY1rD7nvo5grpjMZldKpsjGU=
49,13,tQBho3FLuvdjyE4OPTWRfXr/oBs=,mflXY1rD7nvo5grpjMZldKpsjGU=
55,9,tQBho3FLuvdjyE4OPTWRfXr/oBs=,mflXY1rD7nvo5grpjMZldKpsjGU=
50,12,tQBho3FLuvdjyE4OPTWRfXr/oBs=,mflXY1rD7nvo5grpjMZldKpsjGU=
49,12,tQBho3FLuvdjyE4OPTWRfXr/oBs=,mflXY1rD7nvo5grpjMZldKpsjGU=
48,12,tQBho3FLuvdjyE4OPTWRfXr/oBs=,mflXY1rD7nvo5grpjMZldKpsjGU=
54,13,tQBho3FLuvdjyE4OPTWRfXr/oBs=,mflXY1rD7nvo5grpjMZldKpsjGU=
51,9,tQBho3FLuvdjyE4OPTWRfXr/oBs=,mflXY1rD7nvo5grpjMZldKpsjGU=
50,9,tQBho3FLuvdjyE4OPTWRfXr/oBs=,mflXY1rD7nvo5grpjMZldKpsjGU=
48,13,tQBho3FLuvdjyE4OPTWRfXr/oBs=,mflXY1rD7nvo5grpjMZldKpsjGU=
49,10,tQBho3FLuvdjyE4OPTWRfXr/oBs=,mflXY1rD7nvo5grpjMZldKpsjGU=
53,13,tQBho3FLuvdjyE4OPTWRfXr/oBs=,mflXY1rD7nvo5grpjMZldKpsjGU=
55,8,tQBho3FLuvdjyE4OPTWRfXr/oBs=,mflXY1rD7nvo5grpjMZldKpsjGU=
54,8,tQBho3FLuvdjyE4OPTWRfXr/oBs=,mflXY1rD7nvo5grpjMZldKpsjGU=
50,8,tQBho3FLuvdjyE4OPTWRfXr/oBs=,mflXY1rD7nvo5grpjMZldKpsjGU=
51,11,tQBho3FLuvdjyE4OPTWRfXr/oBs=,mflXY1rD7nvo5grpjMZldKpsjGU=
55,12,tQBho3FLuvdjyE4OPTWRfXr/oBs=,mflXY1rD7nvo5grpjMZldKpsjGU=
50,11,tQBho3FLuvdjyE4OPTWRfXr/oBs=,mflXY1rD7nvo5grpjMZldKpsjGU=
53,8,tQBho3FLuvdjyE4OPTWRfXr/oBs=,mflXY1rD7nvo5grpjMZldKpsjGU=
54,9,tQBho3FLuvdjyE4OPTWRfXr/oBs=,mflXY1rD7nvo5grpjMZldKpsjGU=
54,11,tQBho3FLuvdjyE4OPTWRfXr/oBs=,mflXY1rD7nvo5grpjMZldKpsjGU=
55,11,tQBho3FLuvdjyE4OPTWRfXr/oBs=,mflXY1rD7nvo5grpjMZldKpsjGU=
49,11,tQBho3FLuvdjyE4OPTWRfXr/oBs=,mflXY1rD7nvo5grpjMZldKpsjGU=
48,11,tQBho3FLuvdjyE4OPTWRfXr/oBs=,mflXY1rD7nvo5grpjMZldKpsjGU=
52,8,tQBho3FLuvdjyE4OPTWRfXr/oBs=,mflXY1rD7nvo5grpjMZldKpsjGU=
54,10,tQBho3FLuvdjyE4OPTWRfXr/oBs=,mflXY1rD7nvo5grpjMZldKpsjGU=
55,10,tQBho3FLuvdjyE4OPTWRfXr/oBs=,mflXY1rD7nvo5grpjMZldKpsjGU=
49,9,tQBho3FLuvdjyE4OPTWRfXr/oBs=,mflXY1rD7nvo5grpjMZldKpsjGU=
52,13,tQBho3FLuvdjyE4OPTWRfXr/oBs=,mflXY1rD7nvo5grpjMZldKpsjGU=
53,10,tQBho3FLuvdjyE4OPTWRfXr/oBs=,mflXY1rD7nvo5grpjMZldKpsjGU=
51,13,tQBho3FLuvdjyE4OPTWRfXr/oBs=,mflXY1rD7nvo5grpjMZldKpsjGU=
53,9,tQBho3FLuvdjyE4OPTWRfXr/oBs=,mflXY1rD7nvo5grpjMZldKpsjGU=
49,8,tQBho3FLuvdjyE4OPTWRfXr/oBs=,mflXY1rD7nvo5grpjMZldKpsjGU=
52,9,tQBho3FLuvdjyE4OPTWRfXr/oBs=,mflXY1rD7nvo5grpjMZldKpsjGU=
53,11,tQBho3FLuvdjyE4OPTWRfXr/oBs=,mflXY1rD7nvo5grpjMZldKpsjGU=
54,12,tQBho3FLuvdjyE4OPTWRfXr/oBs=,mflXY1rD7nvo5grpjMZldKpsjGU=
52,10,tQBho3FLuvdjyE4OPTWRfXr/oBs=,mflXY1rD7nvo5grpjMZldKpsjGU=
50,13,tQBho3FLuvdjyE4OPTWRfXr/oBs=,mflXY1rD7nvo5grpjMZldKpsjGU=
50,14,tQBho3FLuvdjyE4OPTWRfXr/oBs=,mflXY1rD7nvo5grpjMZldKpsjGU=
49,14,tQBho3FLuvdjyE4OPTWRfXr/oBs=,mflXY1rD7nvo5grpjMZldKpsjGU=
48,14,tQBho3FLuvdjyE4OPTWRfXr/oBs=,mflXY1rD7nvo5grpjMZldKpsjGU=
53,12,tQBho3FLuvdjyE4OPTWRfXr/oBs=,mflXY1rD7nvo5grpjMZldKpsjGU=
52,12,tQBho3FLuvdjyE4OPTWRfXr/oBs=,mflXY1rD7nvo5grpjMZldKpsjGU=
54,15,tQBho3FLuvdjyE4OPTWRfXr/oBs=,mflXY1rD7nvo5grpjMZldKpsjGU=
55,15,tQBho3FLuvdjyE4OPTWRfXr/oBs=,mflXY1rD7nvo5grpjMZldKpsjGU=
53,15,tQBho3FLuvdjyE4OPTWRfXr/oBs=,mflXY1rD7nvo5grpjMZldKpsjGU=
52,15,tQBho3FLuvdjyE4OPTWRfXr/oBs=,mflXY1rD7nvo5grpjMZldKpsjGU=
51,15,tQBho3FLuvdjyE4OPTWRfXr/oBs=,mflXY1rD7nvo5grpjMZldKpsjGU=
52,11,tQBho3FLuvdjyE4OPTWRfXr/oBs=,mflXY1rD7nvo5grpjMZldKpsjGU=
50,15,tQBho3FLuvdjyE4OPTWRfXr/oBs=,mflXY1rD7nvo5grpjMZldKpsjGU=
48,15,tQBho3FLuvdjyE4OPTWRfXr/oBs=,mflXY1rD7nvo5grpjMZldKpsjGU=
49,15,tQBho3FLuvdjyE4OPTWRfXr/oBs=,mflXY1rD7nvo5grpjMZldKpsjGU=
55,14,tQBho3FLuvdjyE4OPTWRfXr/oBs=,mflXY1rD7nvo5grpjMZldKpsjGU=
48,8,tQBho3FLuvdjyE4OPTWRfXr/oBs=,mflXY1rD7nvo5grpjMZldKpsjGU=
48,10,tQBho3FLuvdjyE4OPTWRfXr/oBs=,mflXY1rD7nvo5grpjMZldKpsjGU=
48,9,tQBho3FLuvdjyE4OPTWRfXr/oBs=,mflXY1rD7nvo5grpjMZldKpsjGU=
36,13,5iK7qXJ1THYwoe8TpmpSmi4DgTM=,+V5cpMcD6DjTocxlAkoKFBlsqY8=
35,13,ePV6SLmeH34nPhExD26b2LQP8yk=,+V5cpMcD6DjTocxlAkoKFBlsqY8=
34,13,RHeTXIHFA2c+GhkIFXD20nQkNKI=,+V5cpMcD6DjTocxlAkoKFBlsqY8=
33,13,RHeTXIHFA2c+GhkIFXD20nQkNKI=,+V5cpMcD6DjTocxlAkoKFBlsqY8=
38,12,RHeTXIHFA2c+GhkIFXD20nQkNKI=,+V5cpMcD6DjTocxlAkoKFBlsqY8=
37,12,RHeTXIHFA2c+GhkIFXD20nQkNKI=,+V5cpMcD6DjTocxlAkoKFBlsqY8=
36,12,RHeTXIHFA2c+GhkIFXD20nQkNKI=,+V5cpMcD6DjTocxlAkoKFBlsqY8=
35,12,RHeTXIHFA2c+GhkIFXD20nQkNKI=,+V5cpMcD6DjTocxlAkoKFBlsqY8=
34,12,RHeTXIHFA2c+GhkIFXD20nQkNKI=,+V5cpMcD6DjTocxlAkoKFBlsqY8=
33,12,RHeTXIHFA2c+GhkIFXD20nQkNKI=,+V5cpMcD6DjTocxlAkoKFBlsqY8=
38,11,RHeTXIHFA2c+GhkIFXD20nQkNKI=,+V5cpMcD6DjTocxlAkoKFBlsqY8=
37,11,RHeTXIHFA2c+GhkIFXD20nQkNKI=,+V5cpMcD6DjTocxlAkoKFBlsqY8=
36,11,RHeTXIHFA2c+GhkIFXD20nQkNKI=,+V5cpMcD6DjTocxlAkoKFBlsqY8=
35,11,RHeTXIHFA2c+GhkIFXD20nQkNKI=,+V5cpMcD6DjTocxlAkoKFBlsqY8=
34,11,RHeTXIHFA2c+GhkIFXD20nQkNKI=,+V5cpMcD6DjTocxlAkoKFBlsqY8=
33,11,RHeTXIHFA2c+GhkIFXD20nQkNKI=,+V5cpMcD6DjTocxlAkoKFBlsqY8=
38,10,RHeTXIHFA2c+GhkIFXD20nQkNKI=,+V5cpMcD6DjTocxlAkoKFBlsqY8=
36,10,RHeTXIHFA2c+GhkIFXD20nQkNKI=,+V5cpMcD6DjTocxlAkoKFBlsqY8=
35,10,RHeTXIHFA2c+GhkIFXD20nQkNKI=,+V5cpMcD6DjTocxlAkoKFBlsqY8=
34,10,RHeTXIHFA2c+GhkIFXD20nQkNKI=,+V5cpMcD6DjTocxlAkoKFBlsqY8=
33,10,RHeTXIHFA2c+GhkIFXD20nQkNKI=,+V5cpMcD6DjTocxlAkoKFBlsqY8=
38,9,RHeTXIHFA2c+GhkIFXD20nQkNKI=,+V5cpMcD6DjTocxlAkoKFBlsqY8=
37,9,RHeTXIHFA2c+GhkIFXD20nQkNKI=,+V5cpMcD6DjTocxlAkoKFBlsqY8=
36,9,RHeTXIHFA2c+GhkIFXD20nQkNKI=,+V5cpMcD6DjTocxlAkoKFBlsqY8=
35,9,RHeTXIHFA2c+GhkIFXD20nQkNKI=,+V5cpMcD6DjTocxlAkoKFBlsqY8=
34,9,RHeTXIHFA2c+GhkIFXD20nQkNKI=,+V5cpMcD6DjTocxlAkoKFBlsqY8=
33,9,RHeTXIHFA2c+GhkIFXD20nQkNKI=,+V5cpMcD6DjTocxlAkoKFBlsqY8=
38,14,RHeTXIHFA2c+GhkIFXD20nQkNKI=,+V5cpMcD6DjTocxlAkoKFBlsqY8=
36,14,RHeTXIHFA2c+GhkIFXD20nQkNKI=,+V5cpMcD6DjTocxlAkoKFBlsqY8=
35,14,RHeTXIHFA2c+GhkIFXD20nQkNKI=,+V5cpMcD6DjTocxlAkoKFBlsqY8=
37,14,RHeTXIHFA2c+GhkIFXD20nQkNKI=,+V5cpMcD6DjTocxlAkoKFBlsqY8=
34,14,RHeTXIHFA2c+GhkIFXD20nQkNKI=,+V5cpMcD6DjTocxlAkoKFBlsqY8=
33,14,RHeTXIHFA2c+GhkIFXD20nQkNKI=,+V5cpMcD6DjTocxlAkoKFBlsqY8=
38,13,RHeTXIHFA2c+GhkIFXD20nQkNKI=,+V5cpMcD6DjTocxlAkoKFBlsqY8=
37,13,RHeTXIHFA2c+GhkIFXD20nQkNKI=,+V5cpMcD6DjTocxlAkoKFBlsqY8=
45,3,RHeTXIHFA2c+GhkIFXD20nQkNKI=,KhTR+hZ+NIb0r0PsY4V2nzjDuls=
37,10,RHeTXIHFA2c+GhkIFXD20nQkNKI=,+V5cpMcD6DjTocxlAkoKFBlsqY8=
46,3,RHeTXIHFA2c+GhkIFXD20nQkNKI=,KhTR+hZ+NIb0r0PsY4V2nzjDuls=
44,3,RHeTXIHFA2c+GhkIFXD20nQkNKI=,KhTR+hZ+NIb0r0PsY4V2nzjDuls=
47,3,RHeTXIHFA2c+GhkIFXD20nQkNKI=,KhTR+hZ+NIb0r0PsY4V2nzjDuls=
41,4,RHeTXIHFA2c+GhkIFXD20nQkNKI=,KhTR+hZ+NIb0r0PsY4V2nzjDuls=
42,4,RHeTXIHFA2c+GhkIFXD20nQkNKI=,KhTR+hZ+NIb0r0PsY4V2nzjDuls=
43,4,RHeTXIHFA2c+GhkIFXD20nQkNKI=,KhTR+hZ+NIb0r0PsY4V2nzjDuls=
44,4,RHeTXIHFA2c+GhkIFXD20nQkNKI=,KhTR+hZ+NIb0r0PsY4V2nzjDuls=
45,4,RHeTXIHFA2c+GhkIFXD20nQkNKI=,KhTR+hZ+NIb0r0PsY4V2nzjDuls=
46,4,RHeTXIHFA2c+GhkIFXD20nQkNKI=,KhTR+hZ+NIb0r0PsY4V2nzjDuls=
47,4,RHeTXIHFA2c+GhkIFXD20nQkNKI=,KhTR+hZ+NIb0r0PsY4V2nzjDuls=
41,5,RHeTXIHFA2c+GhkIFXD20nQkNKI=,KhTR+hZ+NIb0r0PsY4V2nzjDuls=
42,5,RHeTXIHFA2c+GhkIFXD20nQkNKI=,KhTR+hZ+NIb0r0PsY4V2nzjDuls=
41,1,RHeTXIHFA2c+GhkIFXD20nQkNKI=,KhTR+hZ+NIb0r0PsY4V2nzjDuls=
43,5,RHeTXIHFA2c+GhkIFXD20nQkNKI=,KhTR+hZ+NIb0r0PsY4V2nzjDuls=
44,5,RHeTXIHFA2c+GhkIFXD20nQkNKI=,KhTR+hZ+NIb0r0PsY4V2nzjDuls=
45,5,RHeTXIHFA2c+GhkIFXD20nQkNKI=,KhTR+hZ+NIb0r0PsY4V2nzjDuls=
42,1,RHeTXIHFA2c+GhkIFXD20nQkNKI=,KhTR+hZ+NIb0r0PsY4V2nzjDuls=
43,1,RHeTXIHFA2c+GhkIFXD20nQkNKI=,KhTR+hZ+NIb0r0PsY4V2nzjDuls=
44,1,RHeTXIHFA2c+GhkIFXD20nQkNKI=,KhTR+hZ+NIb0r0PsY4V2nzjDuls=
46,5,RHeTXIHFA2c+GhkIFXD20nQkNKI=,KhTR+hZ+NIb0r0PsY4V2nzjDuls=
47,5,RHeTXIHFA2c+GhkIFXD20nQkNKI=,KhTR+hZ+NIb0r0PsY4V2nzjDuls=
45,1,RHeTXIHFA2c+GhkIFXD20nQkNKI=,KhTR+hZ+NIb0r0PsY4V2nzjDuls=
46,1,RHeTXIHFA2c+GhkIFXD20nQkNKI=,KhTR+hZ+NIb0r0PsY4V2nzjDuls=
41,6,RHeTXIHFA2c+GhkIFXD20nQkNKI=,KhTR+hZ+NIb0r0PsY4V2nzjDuls=
42,6,RHeTXIHFA2c+GhkIFXD20nQkNKI=,KhTR+hZ+NIb0r0PsY4V2nzjDuls=
47,1,RHeTXIHFA2c+GhkIFXD20nQkNKI=,KhTR+hZ+NIb0r0PsY4V2nzjDuls=
43,6,RHeTXIHFA2c+GhkIFXD20nQkNKI=,KhTR+hZ+NIb0r0PsY4V2nzjDuls=
44,6,RHeTXIHFA2c+GhkIFXD20nQkNKI=,KhTR+hZ+NIb0r0PsY4V2nzjDuls=
45,6,RHeTXIHFA2c+GhkIFXD20nQkNKI=,KhTR+hZ+NIb0r0PsY4V2nzjDuls=
46,6,RHeTXIHFA2c+GhkIFXD20nQkNKI=,KhTR+hZ+NIb0r0PsY4V2nzjDuls=
41,2,RHeTXIHFA2c+GhkIFXD20nQkNKI=,KhTR+hZ+NIb0r0PsY4V2nzjDuls=
42,2,RHeTXIHFA2c+GhkIFXD20nQkNKI=,KhTR+hZ+NIb0r0PsY4V2nzjDuls=
43,2,RHeTXIHFA2c+GhkIFXD20nQkNKI=,KhTR+hZ+NIb0r0PsY4V2nzjDuls=
44,2,RHeTXIHFA2c+GhkIFXD20nQkNKI=,KhTR+hZ+NIb0r0PsY4V2nzjDuls=
47,6,RHeTXIHFA2c+GhkIFXD20nQkNKI=,KhTR+hZ+NIb0r0PsY4V2nzjDuls=
45,2,RHeTXIHFA2c+GhkIFXD20nQkNKI=,KhTR+hZ+NIb0r0PsY4V2nzjDuls=
46,2,RHeTXIHFA2c+GhkIFXD20nQkNKI=,KhTR+hZ+NIb0r0PsY4V2nzjDuls=
47,2,RHeTXIHFA2c+GhkIFXD20nQkNKI=,KhTR+hZ+NIb0r0PsY4V2nzjDuls=
41,3,RHeTXIHFA2c+GhkIFXD20nQkNKI=,KhTR+hZ+NIb0r0PsY4V2nzjDuls=
42,3,RHeTXIHFA2c+GhkIFXD20nQkNKI=,KhTR+hZ+NIb0r0PsY4V2nzjDuls=
43,3,RHeTXIHFA2c+GhkIFXD20nQkNKI=,KhTR+hZ+NIb0r0PsY4V2nzjDuls=
34,15,RHeTXIHFA2c+GhkIFXD20nQkNKI=,+V5cpMcD6DjTocxlAkoKFBlsqY8=
35,15,RHeTXIHFA2c+GhkIFXD20nQkNKI=,+V5cpMcD6DjTocxlAkoKFBlsqY8=
33,15,RHeTXIHFA2c+GhkIFXD20nQkNKI=,+V5cpMcD6DjTocxlAkoKFBlsqY8=
36,15,RHeTXIHFA2c+GhkIFXD20nQkNKI=,+V5cpMcD6DjTocxlAkoKFBlsqY8=
37,15,RHeTXIHFA2c+GhkIFXD20nQkNKI=,+V5cpMcD6DjTocxlAkoKFBlsqY8=
38,15,RHeTXIHFA2c+GhkIFXD20nQkNKI=,+V5cpMcD6DjTocxlAkoKFBlsqY8=
41,0,RHeTXIHFA2c+GhkIFXD20nQkNKI=,KhTR+hZ+NIb0r0PsY4V2nzjDuls=
42,0,RHeTXIHFA2c+GhkIFXD20nQkNKI=,KhTR+hZ+NIb0r0PsY4V2nzjDuls=
43,0,RHeTXIHFA2c+GhkIFXD20nQkNKI=,KhTR+hZ+NIb0r0PsY4V2nzjDuls=
44,0,RHeTXIHFA2c+GhkIFXD20nQkNKI=,KhTR+hZ+NIb0r0PsY4V2nzjDuls=
45,0,RHeTXIHFA2c+GhkIFXD20nQkNKI=,KhTR+hZ+NIb0r0PsY4V2nzjDuls=
46,0,RHeTXIHFA2c+GhkIFXD20nQkNKI=,KhTR+hZ+NIb0r0PsY4V2nzjDuls=
32,13,RHeTXIHFA2c+GhkIFXD20nQkNKI=,+V5cpMcD6DjTocxlAkoKFBlsqY8=
32,14,RHeTXIHFA2c+GhkIFXD20nQkNKI=,+V5cpMcD6DjTocxlAkoKFBlsqY8=
32,9,RHeTXIHFA2c+GhkIFXD20nQkNKI=,+V5cpMcD6DjTocxlAkoKFBlsqY8=
32,10,RHeTXIHFA2c+GhkIFXD20nQkNKI=,+V5cpMcD6DjTocxlAkoKFBlsqY8=
32,15,RHeTXIHFA2c+GhkIFXD20nQkNKI=,+V5cpMcD6DjTocxlAkoKFBlsqY8=
32,11,RHeTXIHFA2c+GhkIFXD20nQkNKI=,+V5cpMcD6DjTocxlAkoKFBlsqY8=
47,0,RHeTXIHFA2c+GhkIFXD20nQkNKI=,KhTR+hZ+NIb0r0PsY4V2nzjDuls=
32,12,RHeTXIHFA2c+GhkIFXD20nQkNKI=,+V5cpMcD6DjTocxlAkoKFBlsqY8=
39,3,RHeTXIHFA2c+GhkIFXD20nQkNKI=,snmoqDsbi1nFjwilaURkntholEU=
32,4,RHeTXIHFA2c+GhkIFXD20nQkNKI=,snmoqDsbi1nFjwilaURkntholEU=
38,4,RHeTXIHFA2c+GhkIFXD20nQkNKI=,snmoqDsbi1nFjwilaURkntholEU=
33,4,RHeTXIHFA2c+GhkIFXD20nQkNKI=,snmoqDsbi1nFjwilaURkntholEU=
32,0,RHeTXIHFA2c+GhkIFXD20nQkNKI=,snmoqDsbi1nFjwilaURkntholEU=
37,4,RHeTXIHFA2c+GhkIFXD20nQkNKI=,snmoqDsbi1nFjwilaURkntholEU=
33,0,RHeTXIHFA2c+GhkIFXD20nQkNKI=,snmoqDsbi1nFjwilaURkntholEU=
33,3,RHeTXIHFA2c+GhkIFXD20nQkNKI=,snmoqDsbi1nFjwilaURkntholEU=
35,5,RHeTXIHFA2c+GhkIFXD20nQkNKI=,snmoqDsbi1nFjwilaURkntholEU=
33,2,RHeTXIHFA2c+GhkIFXD20nQkNKI=,snmoqDsbi1nFjwilaURkntholEU=
38,3,RHeTXIHFA2c+GhkIFXD20nQkNKI=,snmoqDsbi1nFjwilaURkntholEU=
40,3,RHeTXIHFA2c+GhkIFXD20nQkNKI=,KhTR+hZ+NIb0r0PsY4V2nzjDuls=
36,5,RHeTXIHFA2c+GhkIFXD20nQkNKI=,snmoqDsbi1nFjwilaURkntholEU=
32,2,RHeTXIHFA2c+GhkIFXD20nQkNKI=,snmoqDsbi1nFjwilaURkntholEU=
33,5,RHeTXIHFA2c+GhkIFXD20nQkNKI=,snmoqDsbi1nFjwilaURkntholEU=
34,5,RHeTXIHFA2c+GhkIFXD20nQkNKI=,snmoqDsbi1nFjwilaURkntholEU=
39,4,RHeTXIHFA2c+GhkIFXD20nQkNKI=,snmoqDsbi1nFjwilaURkntholEU=
32,5,RHeTXIHFA2c+GhkIFXD20nQkNKI=,snmoqDsbi1nFjwilaURkntholEU=
35,7,RHeTXIHFA2c+GhkIFXD20nQkNKI=,snmoqDsbi1nFjwilaURkntholEU=
35,4,RHeTXIHFA2c+GhkIFXD20nQkNKI=,snmoqDsbi1nFjwilaURkntholEU=
32,3,RHeTXIHFA2c+GhkIFXD20nQkNKI=,snmoqDsbi1nFjwilaURkntholEU=
39,1,RHeTXIHFA2c+GhkIFXD20nQkNKI=,snmoqDsbi1nFjwilaURkntholEU=
40,2,RHeTXIHFA2c+GhkIFXD20nQkNKI=,KhTR+hZ+NIb0r0PsY4V2nzjDuls=
34,4,RHeTXIHFA2c+GhkIFXD20nQkNKI=,snmoqDsbi1nFjwilaURkntholEU=
34,7,RHeTXIHFA2c+GhkIFXD20nQkNKI=,snmoqDsbi1nFjwilaURkntholEU=
39,2,RHeTXIHFA2c+GhkIFXD20nQkNKI=,snmoqDsbi1nFjwilaURkntholEU=
40,6,RHeTXIHFA2c+GhkIFXD20nQkNKI=,KhTR+hZ+NIb0r0PsY4V2nzjDuls=
36,0,RHeTXIHFA2c+GhkIFXD20nQkNKI=,snmoqDsbi1nFjwilaURkntholEU=
33,7,RHeTXIHFA2c+GhkIFXD20nQkNKI=,snmoqDsbi1nFjwilaURkntholEU=
37,5,RHeTXIHFA2c+GhkIFXD20nQkNKI=,snmoqDsbi1nFjwilaURkntholEU=
38,1,RHeTXIHFA2c+GhkIFXD20nQkNKI=,snmoqDsbi1nFjwilaURkntholEU=
37,1,RHeTXIHFA2c+GhkIFXD20nQkNKI=,snmoqDsbi1nFjwilaURkntholEU=
37,3,RHeTXIHFA2c+GhkIFXD20nQkNKI=,snmoqDsbi1nFjwilaURkntholEU=
39,6,RHeTXIHFA2c+GhkIFXD20nQkNKI=,snmoqDsbi1nFjwilaURkntholEU=
36,3,RHeTXIHFA2c+GhkIFXD20nQkNKI=,snmoqDsbi1nFjwilaURkntholEU=
40,1,RHeTXIHFA2c+GhkIFXD20nQkNKI=,KhTR+hZ+NIb0r0PsY4V2nzjDuls=
37,0,RHeTXIHFA2c+GhkIFXD20nQkNKI=,snmoqDsbi1nFjwilaURkntholEU=
38,6,RHeTXIHFA2c+GhkIFXD20nQkNKI=,snmoqDsbi1nFjwilaURkntholEU=
37,6,RHeTXIHFA2c+GhkIFXD20nQkNKI=,snmoqDsbi1nFjwilaURkntholEU=
36,6,RHeTXIHFA2c+GhkIFXD20nQkNKI=,snmoqDsbi1nFjwilaURkntholEU=
32,7,RHeTXIHFA2c+GhkIFXD20nQkNKI=,snmoqDsbi1nFjwilaURkntholEU=
40,5,RHeTXIHFA2c+GhkIFXD20nQkNKI=,KhTR+hZ+NIb0r0PsY4V2nzjDuls=
35,0,RHeTXIHFA2c+GhkIFXD20nQkNKI=,snmoqDsbi1nFjwilaURkntholEU=
36,7,RHeTXIHFA2c+GhkIFXD20nQkNKI=,snmoqDsbi1nFjwilaURkntholEU=
38,2,RHeTXIHFA2c+GhkIFXD20nQkNKI=,snmoqDsbi1nFjwilaURkntholEU=
35,3,RHeTXIHFA2c+GhkIFXD20nQkNKI=,snmoqDsbi1nFjwilaURkntholEU=
36,1,RHeTXIHFA2c+GhkIFXD20nQkNKI=,snmoqDsbi1nFjwilaURkntholEU=
35,6,RHeTXIHFA2c+GhkIFXD20nQkNKI=,snmoqDsbi1nFjwilaURkntholEU=
34,6,RHeTXIHFA2c+GhkIFXD20nQkNKI=,snmoqDsbi1nFjwilaURkntholEU=
38,8,RHeTXIHFA2c+GhkIFXD20nQkNKI=,+V5cpMcD6DjTocxlAkoKFBlsqY8=
37,2,RHeTXIHFA2c+GhkIFXD20nQkNKI=,snmoqDsbi1nFjwilaURkntholEU=
37,8,RHeTXIHFA2c+GhkIFXD20nQkNKI=,+V5cpMcD6DjTocxlAkoKFBlsqY8=
40,0,RHeTXIHFA2c+GhkIFXD20nQkNKI=,KhTR+hZ+NIb0r0PsY4V2nzjDuls=
37,7,RHeTXIHFA2c+GhkIFXD20nQkNKI=,snmoqDsbi1nFjwilaURkntholEU=
36,2,RHeTXIHFA2c+GhkIFXD20nQkNKI=,snmoqDsbi1nFjwilaURkntholEU=
33,6,RHeTXIHFA2c+GhkIFXD20nQkNKI=,snmoqDsbi1nFjwilaURkntholEU=
32,6,RHeTXIHFA2c+GhkIFXD20nQkNKI=,snmoqDsbi1nFjwilaURkntholEU=
36,8,RHeTXIHFA2c+GhkIFXD20nQkNKI=,+V5cpMcD6DjTocxlAkoKFBlsqY8=
35,2,RHeTXIHFA2c+GhkIFXD20nQkNKI=,snmoqDsbi1nFjwilaURkntholEU=
35,8,RHeTXIHFA2c+GhkIFXD20nQkNKI=,+V5cpMcD6DjTocxlAkoKFBlsqY8=
34,2,RHeTXIHFA2c+GhkIFXD20nQkNKI=,snmoqDsbi1nFjwilaURkntholEU=
34,8,RHeTXIHFA2c+GhkIFXD20nQkNKI=,+V5cpMcD6DjTocxlAkoKFBlsqY8=
39,5,RHeTXIHFA2c+GhkIFXD20nQkNKI=,snmoqDsbi1nFjwilaURkntholEU=
40,4,RHeTXIHFA2c+GhkIFXD20nQkNKI=,KhTR+hZ+NIb0r0PsY4V2nzjDuls=
33,8,RHeTXIHFA2c+GhkIFXD20nQkNKI=,+V5cpMcD6DjTocxlAkoKFBlsqY8=
38,5,RHeTXIHFA2c+GhkIFXD20nQkNKI=,snmoqDsbi1nFjwilaURkntholEU=
32,8,RHeTXIHFA2c+GhkIFXD20nQkNKI=,+V5cpMcD6DjTocxlAkoKFBlsqY8=
38,7,RHeTXIHFA2c+GhkIFXD20nQkNKI=,snmoqDsbi1nFjwilaURkntholEU=
36,4,RHeTXIHFA2c+GhkIFXD20nQkNKI=,snmoqDsbi1nFjwilaURkntholEU=
39,0,RHeTXIHFA2c+GhkIFXD20nQkNKI=,snmoqDsbi1nFjwilaURkntholEU=
33,1,RHeTXIHFA2c+GhkIFXD20nQkNKI=,snmoqDsbi1nFjwilaURkntholEU=
34,1,RHeTXIHFA2c+GhkIFXD20nQkNKI=,snmoqDsbi1nFjwilaURkntholEU=
38,0,RHeTXIHFA2c+GhkIFXD20nQkNKI=,snmoqDsbi1nFjwilaURkntholEU=
34,3,RHeTXIHFA2c+GhkIFXD20nQkNKI=,snmoqDsbi1nFjwilaURkntholEU=
35,1,RHeTXIHFA2c+GhkIFXD20nQkNKI=,snmoqDsbi1nFjwilaURkntholEU=
32,1,RHeTXIHFA2c+GhkIFXD20nQkNKI=,snmoqDsbi1nFjwilaURkntholEU=
34,0,RHeTXIHFA2c+GhkIFXD20nQkNKI=,snmoqDsbi1nFjwilaURkntholEU=
43,11,RHeTXIHFA2c+GhkIFXD20nQkNKI=,Pz+vk5cOMsLawNUfzEMZpfgAUeI=
47,7,RHeTXIHFA2c+GhkIFXD20nQkNKI=,KhTR+hZ+NIb0r0PsY4V2nzjDuls=
44,11,RHeTXIHFA2c+GhkIFXD20nQkNKI=,Pz+vk5cOMsLawNUfzEMZpfgAUeI=
42,11,RHeTXIHFA2c+GhkIFXD20nQkNKI=,Pz+vk5cOMsLawNUfzEMZpfgAUeI=
41,11,RHeTXIHFA2c+GhkIFXD20nQkNKI=,Pz+vk5cOMsLawNUfzEMZpfgAUeI=
40,11,RHeTXIHFA2c+GhkIFXD20nQkNKI=,Pz+vk5cOMsLawNUfzEMZpfgAUeI=
45,11,RHeTXIHFA2c+GhkIFXD20nQkNKI=,Pz+vk5cOMsLawNUfzEMZpfgAUeI=
47,15,RHeTXIHFA2c+GhkIFXD20nQkNKI=,Pz+vk5cOMsLawNUfzEMZpfgAUeI=
39,12,RHeTXIHFA2c+GhkIFXD20nQkNKI=,+V5cpMcD6DjTocxlAkoKFBlsqY8=
46,7,RHeTXIHFA2c+GhkIFXD20nQkNKI=,KhTR+hZ+NIb0r0PsY4V2nzjDuls=
46,11,RHeTXIHFA2c+GhkIFXD20nQkNKI=,Pz+vk5cOMsLawNUfzEMZpfgAUeI=
46,15,RHeTXIHFA2c+GhkIFXD20nQkNKI=,Pz+vk5cOMsLawNUfzEMZpfgAUeI=
47,10,RHeTXIHFA2c+GhkIFXD20nQkNKI=,Pz+vk5cOMsLawNUfzEMZpfgAUeI=
47,11,RHeTXIHFA2c+GhkIFXD20nQkNKI=,Pz+vk5cOMsLawNUfzEMZpfgAUeI=
40,12,RHeTXIHFA2c+GhkIFXD20nQkNKI=,Pz+vk5cOMsLawNUfzEMZpfgAUeI=
39,13,RHeTXIHFA2c+GhkIFXD20nQkNKI=,+V5cpMcD6DjTocxlAkoKFBlsqY8=
45,15,RHeTXIHFA2c+GhkIFXD20nQkNKI=,Pz+vk5cOMsLawNUfzEMZpfgAUeI=
46,10,RHeTXIHFA2c+GhkIFXD20nQkNKI=,Pz+vk5cOMsLawNUfzEMZpfgAUeI=
39,7,RHeTXIHFA2c+GhkIFXD20nQkNKI=,snmoqDsbi1nFjwilaURkntholEU=
41,12,RHeTXIHFA2c+GhkIFXD20nQkNKI=,Pz+vk5cOMsLawNUfzEMZpfgAUeI=
42,12,RHeTXIHFA2c+GhkIFXD20nQkNKI=,Pz+vk5cOMsLawNUfzEMZpfgAUeI=
43,12,RHeTXIHFA2c+GhkIFXD20nQkNKI=,Pz+vk5cOMsLawNUfzEMZpfgAUeI=
44,12,RHeTXIHFA2c+GhkIFXD20nQkNKI=,Pz+vk5cOMsLawNUfzEMZpfgAUeI=
45,10,RHeTXIHFA2c+GhkIFXD20nQkNKI=,Pz+vk5cOMsLawNUfzEMZpfgAUeI=
45,7,RHeTXIHFA2c+GhkIFXD20nQkNKI=,KhTR+hZ+NIb0r0PsY4V2nzjDuls=
44,10,RHeTXIHFA2c+GhkIFXD20nQkNKI=,Pz+vk5cOMsLawNUfzEMZpfgAUeI=
45,12,RHeTXIHFA2c+GhkIFXD20nQkNKI=,Pz+vk5cOMsLawNUfzEMZpfgAUeI=
46,12,RHeTXIHFA2c+GhkIFXD20nQkNKI=,Pz+vk5cOMsLawNUfzEMZpfgAUeI=
47,12,RHeTXIHFA2c+GhkIFXD20nQkNKI=,Pz+vk5cOMsLawNUfzEMZpfgAUeI=
40,13,RHeTXIHFA2c+GhkIFXD20nQkNKI=,Pz+vk5cOMsLawNUfzEMZpfgAUeI=
41,13,RHeTXIHFA2c+GhkIFXD20nQkNKI=,Pz+vk5cOMsLawNUfzEMZpfgAUeI=
42,13,RHeTXIHFA2c+GhkIFXD20nQkNKI=,Pz+vk5cOMsLawNUfzEMZpfgAUeI=
43,13,RHeTXIHFA2c+GhkIFXD20nQkNKI=,Pz+vk5cOMsLawNUfzEMZpfgAUeI=
44,13,RHeTXIHFA2c+GhkIFXD20nQkNKI=,Pz+vk5cOMsLawNUfzEMZpfgAUeI=
45,13,RHeTXIHFA2c+GhkIFXD20nQkNKI=,Pz+vk5cOMsLawNUfzEMZpfgAUeI=
39,14,RHeTXIHFA2c+GhkIFXD20nQkNKI=,+V5cpMcD6DjTocxlAkoKFBlsqY8=
43,7,RHeTXIHFA2c+GhkIFXD20nQkNKI=,KhTR+hZ+NIb0r0PsY4V2nzjDuls=
44,7,RHeTXIHFA2c+GhkIFXD20nQkNKI=,KhTR+hZ+NIb0r0PsY4V2nzjDuls=
46,13,RHeTXIHFA2c+GhkIFXD20nQkNKI=,Pz+vk5cOMsLawNUfzEMZpfgAUeI=
44,15,RHeTXIHFA2c+GhkIFXD20nQkNKI=,Pz+vk5cOMsLawNUfzEMZpfgAUeI=
43,10,RHeTXIHFA2c+GhkIFXD20nQkNKI=,Pz+vk5cOMsLawNUfzEMZpfgAUeI=
42,10,RHeTXIHFA2c+GhkIFXD20nQkNKI=,Pz+vk5cOMsLawNUfzEMZpfgAUeI=
47,13,RHeTXIHFA2c+GhkIFXD20nQkNKI=,Pz+vk5cOMsLawNUfzEMZpfgAUeI=
40,14,RHeTXIHFA2c+GhkIFXD20nQkNKI=,Pz+vk5cOMsLawNUfzEMZpfgAUeI=
39,11,RHeTXIHFA2c+GhkIFXD20nQkNKI=,+V5cpMcD6DjTocxlAkoKFBlsqY8=
42,15,RHeTXIHFA2c+GhkIFXD20nQkNKI=,Pz+vk5cOMsLawNUfzEMZpfgAUeI=
41,15,RHeTXIHFA2c+GhkIFXD20nQkNKI=,Pz+vk5cOMsLawNUfzEMZpfgAUeI=
41,10,RHeTXIHFA2c+GhkIFXD20nQkNKI=,Pz+vk5cOMsLawNUfzEMZpfgAUeI=
40,15,RHeTXIHFA2c+GhkIFXD20nQkNKI=,Pz+vk5cOMsLawNUfzEMZpfgAUeI=
43,15,RHeTXIHFA2c+GhkIFXD20nQkNKI=,Pz+vk5cOMsLawNUfzEMZpfgAUeI=
42,7,RHeTXIHFA2c+GhkIFXD20nQkNKI=,KhTR+hZ+NIb0r0PsY4V2nzjDuls=
39,8,RHeTXIHFA2c+GhkIFXD20nQkNKI=,+V5cpMcD6DjTocxlAkoKFBlsqY8=
41,14,RHeTXIHFA2c+GhkIFXD20nQkNKI=,Pz+vk5cOMsLawNUfzEMZpfgAUeI=
42,14,RHeTXIHFA2c+GhkIFXD20nQkNKI=,Pz+vk5cOMsLawNUfzEMZpfgAUeI=
43,14,RHeTXIHFA2c+GhkIFXD20nQkNKI=,Pz+vk5cOMsLawNUfzEMZpfgAUeI=
39,15,RHeTXIHFA2c+GhkIFXD20nQkNKI=,+V5cpMcD6DjTocxlAkoKFBlsqY8=
40,10,RHeTXIHFA2c+GhkIFXD20nQkNKI=,Pz+vk5cOMsLawNUfzEMZpfgAUeI=
47,14,RHeTXIHFA2c+GhkIFXD20nQkNKI=,Pz+vk5cOMsLawNUfzEMZpfgAUeI=
39,10,RHeTXIHFA2c+GhkIFXD20nQkNKI=,+V5cpMcD6DjTocxlAkoKFBlsqY8=
40,7,RHeTXIHFA2c+GhkIFXD20nQkNKI=,KhTR+hZ+NIb0r0PsY4V2nzjDuls=
40,8,RHeTXIHFA2c+GhkIFXD20nQkNKI=,Pz+vk5cOMsLawNUfzEMZpfgAUeI=
39,9,RHeTXIHFA2c+GhkIFXD20nQkNKI=,+V5cpMcD6DjTocxlAkoKFBlsqY8=
47,9,RHeTXIHFA2c+GhkIFXD20nQkNKI=,Pz+vk5cOMsLawNUfzEMZpfgAUeI=
46,14,RHeTXIHFA2c+GhkIFXD20nQkNKI=,Pz+vk5cOMsLawNUfzEMZpfgAUeI=
46,9,RHeTXIHFA2c+GhkIFXD20nQkNKI=,Pz+vk5cOMsLawNUfzEMZpfgAUeI=
41,8,RHeTXIHFA2c+GhkIFXD20nQkNKI=,Pz+vk5cOMsLawNUfzEMZpfgAUeI=
45,14,RHeTXIHFA2c+GhkIFXD20nQkNKI=,Pz+vk5cOMsLawNUfzEMZpfgAUeI=
45,9,RHeTXIHFA2c+GhkIFXD20nQkNKI=,Pz+vk5cOMsLawNUfzEMZpfgAUeI=
44,9,RHeTXIHFA2c+GhkIFXD20nQkNKI=,Pz+vk5cOMsLawNUfzEMZpfgAUeI=
42,9,RHeTXIHFA2c+GhkIFXD20nQkNKI=,Pz+vk5cOMsLawNUfzEMZpfgAUeI=
41,9,RHeTXIHFA2c+GhkIFXD20nQkNKI=,Pz+vk5cOMsLawNUfzEMZpfgAUeI=
40,9,RHeTXIHFA2c+GhkIFXD20nQkNKI=,Pz+vk5cOMsLawNUfzEMZpfgAUeI=
42,8,RHeTXIHFA2c+GhkIFXD20nQkNKI=,Pz+vk5cOMsLawNUfzEMZpfgAUeI=
43,9,RHeTXIHFA2c+GhkIFXD20nQkNKI=,Pz+vk5cOMsLawNUfzEMZpfgAUeI=
44,14,RHeTXIHFA2c+GhkIFXD20nQkNKI=,Pz+vk5cOMsLawNUfzEMZpfgAUeI=
47,8,RHeTXIHFA2c+GhkIFXD20nQkNKI=,Pz+vk5cOMsLawNUfzEMZpfgAUeI=
43,8,RHeTXIHFA2c+GhkIFXD20nQkNKI=,Pz+vk5cOMsLawNUfzEMZpfgAUeI=
46,8,RHeTXIHFA2c+GhkIFXD20nQkNKI=,Pz+vk5cOMsLawNUfzEMZpfgAUeI=
45,8,RHeTXIHFA2c+GhkIFXD20nQkNKI=,Pz+vk5cOMsLawNUfzEMZpfgAUeI=
41,7,RHeTXIHFA2c+GhkIFXD20nQkNKI=,KhTR+hZ+NIb0r0PsY4V2nzjDuls=
44,8,RHeTXIHFA2c+GhkIFXD20nQkNKI=,Pz+vk5cOMsLawNUfzEMZpfgAUeI=
36,22,NeYxtXeiEHs8R2d9E+wABmIcizo=,ZOmYNDLDsg4X9QvOY8qqxdDih/o=
36,23,vK8ouTXc42y4yLFsS2cWgNEQo2A=,ZOmYNDLDsg4X9QvOY8qqxdDih/o=
37,23,vK8ouTXc42y4yLFsS2cWgNEQo2A=,ZOmYNDLDsg4X9QvOY8qqxdDih/o=
32,21,vK8ouTXc42y4yLFsS2cWgNEQo2A=,ZOmYNDLDsg4X9QvOY8qqxdDih/o=
38,23,vK8ouTXc42y4yLFsS2cWgNEQo2A=,ZOmYNDLDsg4X9QvOY8qqxdDih/o=
33,21,vK8ouTXc42y4yLFsS2cWgNEQo2A=,ZOmYNDLDsg4X9QvOY8qqxdDih/o=
36,19,vK8ouTXc42y4yLFsS2cWgNEQo2A=,ZOmYNDLDsg4X9QvOY8qqxdDih/o=
34,21,vK8ouTXc42y4yLFsS2cWgNEQo2A=,ZOmYNDLDsg4X9QvOY8qqxdDih/o=
36,17,vK8ouTXc42y4yLFsS2cWgNEQo2A=,ZOmYNDLDsg4X9QvOY8qqxdDih/o=
38,21,vK8ouTXc42y4yLFsS2cWgNEQo2A=,ZOmYNDLDsg4X9QvOY8qqxdDih/o=
37,19,vK8ouTXc42y4yLFsS2cWgNEQo2A=,ZOmYNDLDsg4X9QvOY8qqxdDih/o=
38,22,vK8ouTXc42y4yLFsS2cWgNEQo2A=,ZOmYNDLDsg4X9QvOY8qqxdDih/o=
36,18,vK8ouTXc42y4yLFsS2cWgNEQo2A=,ZOmYNDLDsg4X9QvOY8qqxdDih/o=
38,19,vK8ouTXc42y4yLFsS2cWgNEQo2A=,ZOmYNDLDsg4X9QvOY8qqxdDih/o=
32,22,vK8ouTXc42y4yLFsS2cWgNEQo2A=,ZOmYNDLDsg4X9QvOY8qqxdDih/o=
37,17,vK8ouTXc42y4yLFsS2cWgNEQo2A=,ZOmYNDLDsg4X9QvOY8qqxdDih/o=
36,16,vK8ouTXc42y4yLFsS2cWgNEQo2A=,ZOmYNDLDsg4X9QvOY8qqxdDih/o=
37,18,vK8ouTXc42y4yLFsS2cWgNEQo2A=,ZOmYNDLDsg4X9QvOY8qqxdDih/o=
38,18,vK8ouTXc42y4yLFsS2cWgNEQo2A=,ZOmYNDLDsg4X9QvOY8qqxdDih/o=
34,20,vK8ouTXc42y4yLFsS2cWgNEQo2A=,ZOmYNDLDsg4X9QvOY8qqxdDih/o=
38,17,vK8ouTXc42y4yLFsS2cWgNEQo2A=,ZOmYNDLDsg4X9QvOY8qqxdDih/o=
32,20,vK8ouTXc42y4yLFsS2cWgNEQo2A=,ZOmYNDLDsg4X9QvOY8qqxdDih/o=
33,22,vK8ouTXc42y4yLFsS2cWgNEQo2A=,ZOmYNDLDsg4X9QvOY8qqxdDih/o=
32,18,vK8ouTXc42y4yLFsS2cWgNEQo2A=,ZOmYNDLDsg4X9QvOY8qqxdDih/o=
33,18,vK8ouTXc42y4yLFsS2cWgNEQo2A=,ZOmYNDLDsg4X9QvOY8qqxdDih/o=
32,19,vK8ouTXc42y4yLFsS2cWgNEQo2A=,ZOmYNDLDsg4X9QvOY8qqxdDih/o=
34,18,vK8ouTXc42y4yLFsS2cWgNEQo2A=,ZOmYNDLDsg4X9QvOY8qqxdDih/o=
35,18,vK8ouTXc42y4yLFsS2cWgNEQo2A=,ZOmYNDLDsg4X9QvOY8qqxdDih/o=
33,16,vK8ouTXc42y4yLFsS2cWgNEQo2A=,ZOmYNDLDsg4X9QvOY8qqxdDih/o=
37,16,vK8ouTXc42y4yLFsS2cWgNEQo2A=,ZOmYNDLDsg4X9QvOY8qqxdDih/o=
34,22,vK8ouTXc42y4yLFsS2cWgNEQo2A=,ZOmYNDLDsg4X9QvOY8qqxdDih/o=
35,20,vK8ouTXc42y4yLFsS2cWgNEQo2A=,ZOmYNDLDsg4X9QvOY8qqxdDih/o=
34,16,vK8ouTXc42y4yLFsS2cWgNEQo2A=,ZOmYNDLDsg4X9QvOY8qqxdDih/o=
38,16,vK8ouTXc42y4yLFsS2cWgNEQo2A=,ZOmYNDLDsg4X9QvOY8qqxdDih/o=
32,23,vK8ouTXc42y4yLFsS2cWgNEQo2A=,ZOmYNDLDsg4X9QvOY8qqxdDih/o=
33,19,vK8ouTXc42y4yLFsS2cWgNEQo2A=,ZOmYNDLDsg4X9QvOY8qqxdDih/o=
32,17,vK8ouTXc42y4yLFsS2cWgNEQo2A=,ZOmYNDLDsg4X9QvOY8qqxdDih/o=
35,22,vK8ouTXc42y4yLFsS2cWgNEQo2A=,ZOmYNDLDsg4X9QvOY8qqxdDih/o=
33,17,vK8ouTXc42y4yLFsS2cWgNEQo2A=,ZOmYNDLDsg4X9QvOY8qqxdDih/o=
36,20,vK8ouTXc42y4yLFsS2cWgNEQo2A=,ZOmYNDLDsg4X9QvOY8qqxdDih/o=
34,17,vK8ouTXc42y4yLFsS2cWgNEQo2A=,ZOmYNDLDsg4X9QvOY8qqxdDih/o=
32,16,vK8ouTXc42y4yLFsS2cWgNEQo2A=,ZOmYNDLDsg4X9QvOY8qqxdDih/o=
35,17,vK8ouTXc42y4yLFsS2cWgNEQo2A=,ZOmYNDLDsg4X9QvOY8qqxdDih/o=
34,19,vK8ouTXc42y4yLFsS2cWgNEQo2A=,ZOmYNDLDsg4X9QvOY8qqxdDih/o=
37,20,vK8ouTXc42y4yLFsS2cWgNEQo2A=,ZOmYNDLDsg4X9QvOY8qqxdDih/o=
33,23,vK8ouTXc42y4yLFsS2cWgNEQo2A=,ZOmYNDLDsg4X9QvOY8qqxdDih/o=
35,19,vK8ouTXc42y4yLFsS2cWgNEQo2A=,ZOmYNDLDsg4X9QvOY8qqxdDih/o=
34,23,vK8ouTXc42y4yLFsS2cWgNEQo2A=,ZOmYNDLDsg4X9QvOY8qqxdDih/o=
38,20,vK8ouTXc42y4yLFsS2cWgNEQo2A=,ZOmYNDLDsg4X9QvOY8qqxdDih/o=
35,23,vK8ouTXc42y4yLFsS2cWgNEQo2A=,ZOmYNDLDsg4X9QvOY8qqxdDih/o=
35,16,vK8ouTXc42y4yLFsS2cWgNEQo2A=,ZOmYNDLDsg4X9QvOY8qqxdDih/o=
33,20,vK8ouTXc42y4yLFsS2cWgNEQo2A=,ZOmYNDLDsg4X9QvOY8qqxdDih/o=
35,21,vK8ouTXc42y4yLFsS2cWgNEQo2A=,ZOmYNDLDsg4X9QvOY8qqxdDih/o=
36,21,vK8ouTXc42y4yLFsS2cWgNEQo2A=,ZOmYNDLDsg4X9QvOY8qqxdDih/o=
37,22,vK8ouTXc42y4yLFsS2cWgNEQo2A=,ZOmYNDLDsg4X9QvOY8qqxdDih/o=
37,21,vK8ouTXc42y4yLFsS2cWgNEQo2A=,ZOmYNDLDsg4X9QvOY8qqxdDih/o=
39,23,vK8ouTXc42y4yLFsS2cWgNEQo2A=,ZOmYNDLDsg4X9QvOY8qqxdDih/o=
40,16,vK8ouTXc42y4yLFsS2cWgNEQo2A=,qM/pMkMurfN5txdCdJXQQ3cJoF4=
41,16,vK8ouTXc42y4yLFsS2cWgNEQo2A=,qM/pMkMurfN5txdCdJXQQ3cJoF4=
42,16,vK8ouTXc42y4yLFsS2cWgNEQo2A=,qM/pMkMurfN5txdCdJXQQ3cJoF4=
44,23,vK8ouTXc42y4yLFsS2cWgNEQo2A=,qM/pMkMurfN5txdCdJXQQ3cJoF4=
43,16,vK8ouTXc42y4yLFsS2cWgNEQo2A=,qM/pMkMurfN5txdCdJXQQ3cJoF4=
43,23,vK8ouTXc42y4yLFsS2cWgNEQo2A=,qM/pMkMurfN5txdCdJXQQ3cJoF4=
44,16,vK8ouTXc42y4yLFsS2cWgNEQo2A=,qM/pMkMurfN5txdCdJXQQ3cJoF4=
45,16,vK8ouTXc42y4yLFsS2cWgNEQo2A=,qM/pMkMurfN5txdCdJXQQ3cJoF4=
42,23,vK8ouTXc42y4yLFsS2cWgNEQo2A=,qM/pMkMurfN5txdCdJXQQ3cJoF4=
46,16,vK8ouTXc42y4yLFsS2cWgNEQo2A=,qM/pMkMurfN5txdCdJXQQ3cJoF4=
47,16,vK8ouTXc42y4yLFsS2cWgNEQo2A=,qM/pMkMurfN5txdCdJXQQ3cJoF4=
40,17,vK8ouTXc42y4yLFsS2cWgNEQo2A=,qM/pMkMurfN5txdCdJXQQ3cJoF4=
41,23,vK8ouTXc42y4yLFsS2cWgNEQo2A=,qM/pMkMurfN5txdCdJXQQ3cJoF4=
40,23,vK8ouTXc42y4yLFsS2cWgNEQo2A=,qM/pMkMurfN5txdCdJXQQ3cJoF4=
47,22,vK8ouTXc42y4yLFsS2cWgNEQo2A=,qM/pMkMurfN5txdCdJXQQ3cJoF4=
46,22,vK8ouTXc42y4yLFsS2cWgNEQo2A=,qM/pMkMurfN5txdCdJXQQ3cJoF4=
45,22,vK8ouTXc42y4yLFsS2cWgNEQo2A=,qM/pMkMurfN5txdCdJXQQ3cJoF4=
44,22,vK8ouTXc42y4yLFsS2cWgNEQo2A=,qM/pMkMurfN5txdCdJXQQ3cJoF4=
41,17,vK8ouTXc42y4yLFsS2cWgNEQo2A=,qM/pMkMurfN5txdCdJXQQ3cJoF4=
39,21,vK8ouTXc42y4yLFsS2cWgNEQo2A=,ZOmYNDLDsg4X9QvOY8qqxdDih/o=
43,22,vK8ouTXc42y4yLFsS2cWgNEQo2A=,qM/pMkMurfN5txdCdJXQQ3cJoF4=
42,22,vK8ouTXc42y4yLFsS2cWgNEQo2A=,qM/pMkMurfN5txdCdJXQQ3cJoF4=
42,17,vK8ouTXc42y4yLFsS2cWgNEQo2A=,qM/pMkMurfN5txdCdJXQQ3cJoF4=
45,23,vK8ouTXc42y4yLFsS2cWgNEQo2A=,qM/pMkMurfN5txdCdJXQQ3cJoF4=
39,20,vK8ouTXc42y4yLFsS2cWgNEQo2A=,ZOmYNDLDsg4X9QvOY8qqxdDih/o=
43,17,vK8ouTXc42y4yLFsS2cWgNEQo2A=,qM/pMkMurfN5txdCdJXQQ3cJoF4=
44,17,vK8ouTXc42y4yLFsS2cWgNEQo2A=,qM/pMkMurfN5txdCdJXQQ3cJoF4=
45,17,vK8ouTXc42y4yLFsS2cWgNEQo2A=,qM/pMkMurfN5txdCdJXQQ3cJoF4=
41,22,vK8ouTXc42y4yLFsS2cWgNEQo2A=,qM/pMkMurfN5txdCdJXQQ3cJoF4=
47,21,vK8ouTXc42y4yLFsS2cWgNEQo2A=,qM/pMkMurfN5txdCdJXQQ3cJoF4=
46,21,vK8ouTXc42y4yLFsS2cWgNEQo2A=,qM/pMkMurfN5txdCdJXQQ3cJoF4=
45,21,vK8ouTXc42y4yLFsS2cWgNEQo2A=,qM/pMkMurfN5txdCdJXQQ3cJoF4=
44,21,vK8ouTXc42y4yLFsS2cWgNEQo2A=,qM/pMkMurfN5txdCdJXQQ3cJoF4=
46,17,vK8ouTXc42y4yLFsS2cWgNEQo2A=,qM/pMkMurfN5txdCdJXQQ3cJoF4=
47,17,vK8ouTXc42y4yLFsS2cWgNEQo2A=,qM/pMkMurfN5txdCdJXQQ3cJoF4=
40,22,vK8ouTXc42y4yLFsS2cWgNEQo2A=,qM/pMkMurfN5txdCdJXQQ3cJoF4=
43,21,vK8ouTXc42y4yLFsS2cWgNEQo2A=,qM/pMkMurfN5txdCdJXQQ3cJoF4=
42,21,vK8ouTXc42y4yLFsS2cWgNEQo2A=,qM/pMkMurfN5txdCdJXQQ3cJoF4=
40,18,vK8ouTXc42y4yLFsS2cWgNEQo2A=,qM/pMkMurfN5txdCdJXQQ3cJoF4=
47,20,vK8ouTXc42y4yLFsS2cWgNEQo2A=,qM/pMkMurfN5txdCdJXQQ3cJoF4=
46,20,vK8ouTXc42y4yLFsS2cWgNEQo2A=,qM/pMkMurfN5txdCdJXQQ3cJoF4=
45,20,vK8ouTXc42y4yLFsS2cWgNEQo2A=,qM/pMkMurfN5txdCdJXQQ3cJoF4=
44,20,vK8ouTXc42y4yLFsS2cWgNEQo2A=,qM/pMkMurfN5txdCdJXQQ3cJoF4=
43,20,vK8ouTXc42y4yLFsS2cWgNEQo2A=,qM/pMkMurfN5txdCdJXQQ3cJoF4=
41,18,vK8ouTXc42y4yLFsS2cWgNEQo2A=,qM/pMkMurfN5txdCdJXQQ3cJoF4=
39,16,vK8ouTXc42y4yLFsS2cWgNEQo2A=,ZOmYNDLDsg4X9QvOY8qqxdDih/o=
39,22,vK8ouTXc42y4yLFsS2cWgNEQo2A=,ZOmYNDLDsg4X9QvOY8qqxdDih/o=
42,20,vK8ouTXc42y4yLFsS2cWgNEQo2A=,qM/pMkMurfN5txdCdJXQQ3cJoF4=
42,18,vK8ouTXc42y4yLFsS2cWgNEQo2A=,qM/pMkMurfN5txdCdJXQQ3cJoF4=
43,18,vK8ouTXc42y4yLFsS2cWgNEQo2A=,qM/pMkMurfN5txdCdJXQQ3cJoF4=
44,18,vK8ouTXc42y4yLFsS2cWgNEQo2A=,qM/pMkMurfN5txdCdJXQQ3cJoF4=
39,19,vK8ouTXc42y4yLFsS2cWgNEQo2A=,ZOmYNDLDsg4X9QvOY8qqxdDih/o=
41,21,vK8ouTXc42y4yLFsS2cWgNEQo2A=,qM/pMkMurfN5txdCdJXQQ3cJoF4=
45,18,vK8ouTXc42y4yLFsS2cWgNEQo2A=,qM/pMkMurfN5txdCdJXQQ3cJoF4=
46,18,vK8ouTXc42y4yLFsS2cWgNEQo2A=,qM/pMkMurfN5txdCdJXQQ3cJoF4=
46,23,vK8ouTXc42y4yLFsS2cWgNEQo2A=,qM/pMkMurfN5txdCdJXQQ3cJoF4=
47,23,vK8ouTXc42y4yLFsS2cWgNEQo2A=,qM/pMkMurfN5txdCdJXQQ3cJoF4=
47,18,vK8ouTXc42y4yLFsS2cWgNEQo2A=,qM/pMkMurfN5txdCdJXQQ3cJoF4=
41,20,vK8ouTXc42y4yLFsS2cWgNEQo2A=,qM/pMkMurfN5txdCdJXQQ3cJoF4=
47,19,vK8ouTXc42y4yLFsS2cWgNEQo2A=,qM/pMkMurfN5txdCdJXQQ3cJoF4=
46,19,vK8ouTXc42y4yLFsS2cWgNEQo2A=,qM/pMkMurfN5txdCdJXQQ3cJoF4=
45,19,vK8ouTXc42y4yLFsS2cWgNEQo2A=,qM/pMkMurfN5txdCdJXQQ3cJoF4=
40,20,vK8ouTXc42y4yLFsS2cWgNEQo2A=,qM/pMkMurfN5txdCdJXQQ3cJoF4=
44,19,vK8ouTXc42y4yLFsS2cWgNEQo2A=,qM/pMkMurfN5txdCdJXQQ3cJoF4=
43,19,vK8ouTXc42y4yLFsS2cWgNEQo2A=,qM/pMkMurfN5txdCdJXQQ3cJoF4=
39,17,vK8ouTXc42y4yLFsS2cWgNEQo2A=,ZOmYNDLDsg4X9QvOY8qqxdDih/o=
42,19,vK8ouTXc42y4yLFsS2cWgNEQo2A=,qM/pMkMurfN5txdCdJXQQ3cJoF4=
40,21,vK8ouTXc42y4yLFsS2cWgNEQo2A=,qM/pMkMurfN5txdCdJXQQ3cJoF4=
40,19,vK8ouTXc42y4yLFsS2cWgNEQo2A=,qM/pMkMurfN5txdCdJXQQ3cJoF4=
39,18,vK8ouTXc42y4yLFsS2cWgNEQo2A=,ZOmYNDLDsg4X9QvOY8qqxdDih/o=
41,19,vK8ouTXc42y4yLFsS2cWgNEQo2A=,qM/pMkMurfN5txdCdJXQQ3cJoF4=
